Postcode,Distance_to_CBD,Dist_to_Station,Dist_to_Market,Dist_to_School,Is_Premium_Area
2000,2.5271723011119134,0.7230862844686012,0.5423801559452429,0.3027622026005645,1
2007,0.891637302096602,0.7064608868219903,0.3210834795886396,0.527368596323632,0
2008,1.470024206920955,0.9753053464882165,0.560654430624356,0.4446496676772298,1
2009,1.7841274746882836,0.06518543298252562,0.11070007317426304,0.6150853510055199,1
2010,0.5669643563332518,0.5456984899419697,0.3511639780926317,0.24273500360084624,1
2011,1.753038275368966,0.11350556186055927,0.13508100625793448,0.28939803554088195,0
2015,3.2060083764524356,0.8260690561520957,0.8007701898939863,1.0066803565813114,1
2016,1.3360760978383204,1.3028624405832758,0.12528217409504533,0.6164205036093016,1
2017,2.334863850556987,0.44058616582594945,0.3006024522787247,0.296515584496167,1
2018,4.505837542655106,1.424287110101085,0.8587076547666579,0.466750827705013,1
2019,7.121624511705513,2.850656879719314,1.5552794764487798,0.7606725140409507,0
2020,6.522708483003854,0.4725792494100676,1.694768526908248,1.6783374017315718,1
2021,2.4010691117635448,2.007251535233161,1.2959164158292293,0.6557982747594853,1
2022,3.8800807176885908,0.654245469900938,0.4794661887406123,0.6307893993562264,1
2023,4.585127835764686,1.0029200230215598,0.8734154301346638,0.439908380862939,1
2024,5.454677028924803,1.7792367702211775,0.3505819700783535,0.3454371756657493,1
2025,3.2240109104603563,0.7859732748020735,0.8590841563922832,0.2668061936454071,1
2026,5.8567663186768675,1.894074222825801,0.633153755328416,0.42718612739118295,1
2027,4.365241541964333,1.7499575289228486,1.2310046878031289,1.101950413832303,1
2028,3.239644254904241,0.45527015647903957,0.2591486984408104,0.39568642401208903,1
2029,5.660909882669473,2.431877490666351,0.5557098214234745,0.47398821833072285,1
2030,6.988927408810208,4.349980919789053,0.8153093758411621,1.0009104033584335,1
2031,4.671336260095147,2.7602794269177506,1.4739094967434745,0.46957711485488735,1
2032,5.519256925583832,3.3365251059191148,1.2967433890568698,0.3831693058290727,0
2033,3.361053371622559,1.5857130119435199,0.874206686334559,0.6346605519300461,1
2034,6.658229572435108,4.224211865237442,1.0125745575392053,0.5034426977351251,1
2035,7.6890629988210515,5.575718444605722,0.5251598414214301,0.6571852658026299,1
2036,10.075732662239902,6.607387680863922,1.4444325962906719,0.5800352693636026,1
2037,2.039453908025302,0.7481814347052,0.9093111236405321,0.3446513723717494,1
2038,3.339666248040658,0.953602543485123,1.2143127024702633,0.4414607432584407,0
2039,3.6245200870715606,0.5256601193142597,1.3388688608181896,0.5499803123815574,1
2040,4.5920634322601614,0.48853340469840206,0.8508311229055648,0.21574416710617567,0
2041,3.631566660498097,1.4800246604920033,0.12233809020614933,0.31424427953286704,1
2042,3.4728673657643636,0.49689334616224745,0.8816104017396701,0.3021087521834382,0
2043,3.0414704043418723,0.2911381077982065,0.4910805983563072,0.32259461561329794,1
2044,5.3339974241668475,0.7884242230389937,1.4083338990660565,0.8999096692838998,1
2045,6.256459620165881,0.7893163802925283,0.6668820456374054,0.43273719163226565,0
2046,6.94691652900054,1.9456093299970032,0.48430976044833407,0.6114090453921331,1
2047,4.9418553885641465,2.0972644596827954,0.37835669712601183,0.6470942072205322,0
2048,3.9583019617677597,0.16422043808534728,1.1059934853904874,0.15112417902955694,0
2049,5.361701353256847,0.5214752871075731,1.3858287429585134,0.18562139122743931,0
2050,2.9202488181279618,0.9040236096837981,1.6937013398138214,0.33217096614125474,1
2060,4.789554367033895,0.3077647645594539,0.31690020849823797,0.5667803424803187,1
2061,3.8357021508955476,0.3294395339457356,1.1023143584149242,1.4686069928814203,1
2062,6.704775549759796,1.688470310471408,0.9494270226933057,0.28168741353423593,1
2063,7.854525192071049,2.1939998685102906,0.6345579957972189,0.3539504848433717,1
2064,8.025267799184556,0.499788748885044,1.3443002480552417,0.2980956276347206,0
2065,6.204173070862544,0.37545222560554525,0.5887741430218177,0.8638248790920713,1
2066,8.286236795232492,2.4896843339763977,0.8532977162574482,0.7957622406927087,0
2067,9.780195002991974,0.3677190566486381,0.5442813615237524,0.046873899216559295,1
2068,9.12868317251474,1.8505357014673403,1.176029722245146,0.28074518062376264,1
2069,11.462417053091993,1.7097871365535189,1.690097687190238,0.645784830383532,1
2070,12.110851692831174,0.8545651086041505,0.8506729208846764,0.6398715281913668,1
2071,14.369967709776798,2.5088505679206103,2.466479030433406,0.6931935460319597,0
2072,15.09299008521703,0.1723904573213968,0.136988081025941,1.013974325677764,0
2073,15.637224062600465,1.7697299511654383,2.007527333383069,0.8928466464004692,1
2074,18.11225243030085,0.5394699758367648,0.4429102898478498,0.6781927344682149,1
2075,18.071330022639252,3.3082364012821035,0.9694422619937817,0.6528550347905296,1
2076,19.934754373470007,1.029793360328242,2.0504083316443302,0.6582630314813247,1
2077,23.50219432707914,1.0423619052243578,1.3064893939275222,0.5112492930597045,0
2079,25.56402486985675,0.617197566978021,4.21350855423067,0.7552598376501726,0
2080,25.659687411847155,0.8329972388044187,5.082504760519533,0.7409511297849238,0
2081,29.720010223142193,0.48798224315350686,1.3856811406244132,0.19542887936630574,0
2082,37.96747305919842,8.704811635868948,7.395763654513268,5.499966989508555,0
2084,25.81221645256393,6.647697429818667,8.446719433760373,3.897974294947389,1
2085,17.14929615335354,6.099473689744958,2.704885368186597,0.48708437439653995,1
2086,14.729167669232352,5.991501909691667,0.4446045397183951,0.41928646764066224,1
2087,12.997896154652423,3.6646140468641275,2.162139796822602,0.5439487181472115,1
2088,6.740801967595868,3.36905146700594,2.285766875556272,0.1125464786870856,1
2089,4.851607532827142,1.1292513088965714,1.3034913466876548,1.03216319401266,0
2090,6.198025652029349,1.9865796208151634,0.41866572396542345,0.5193548729355463,0
2092,10.140251472159964,5.253923049782533,2.1217358353394538,0.9483162140116499,1
2093,11.069156691377222,6.74248256477373,0.5920726211048173,0.4831937298983151,1
2094,11.547295745195369,7.907623268276217,0.8337805587199613,0.5578315345763603,1
2095,11.084842220531339,8.370405818409543,1.975603274877346,1.9036498638274924,1
2096,13.860383370480772,9.805049734268653,1.941465972378146,0.5341837772661518,1
2097,18.049296578750578,12.19236874639637,1.776871797465443,0.8425196687535342,0
2099,16.385237592750922,10.260774159444741,0.8414443853181034,0.4819916357438476,1
2100,13.802475590051424,7.681881761749758,0.6478436614747124,0.7600333133669271,1
2101,20.449670745666154,12.085885210591234,2.4987155401374466,1.3164178105391953,1
2102,22.8442769416262,14.608337186785171,0.7566912147393869,1.215842230103767,1
2103,24.33669299996958,15.182762803652208,0.4653716963017815,0.34327609869616393,1
2104,25.476069979168052,13.560382179288322,1.8176108120930476,1.1487170706753989,1
2105,27.58720144730225,11.772020823118469,4.200640141964286,3.257627707126044,1
2106,26.66513292132048,15.509287184927468,0.9757609064044105,0.2192704299757588,1
2107,29.63836180510362,15.805038731265308,0.6266052622729886,0.5995199636802067,1
2108,32.856704669535944,13.118093039932088,3.653423435642938,3.2130753064504125,1
2110,7.414868703766556,3.966157671056499,2.025691962232854,0.22485242534447453,1
2111,9.580443079137186,3.458426644664959,0.35689341285745735,0.3544704416360965,0
2112,11.66693360074941,1.6970802784659091,0.5343930619313506,0.4497948540115905,0
2113,12.113681819923608,3.9586696035052324,0.37841578478549037,0.06415646074997346,0
2114,13.828608355344748,0.7156582358093616,0.6068464296953036,0.3043143517426072,0
2115,15.597848316411444,2.6689773466856788,2.1719561312411293,0.4747565360428509,0
2116,17.402698075770996,0.8617114806632257,2.7898033275602856,0.7175081948184605,0
2117,17.913803701045946,0.3175567335676827,2.504287699274849,0.13536160251670085,0
2118,19.200453888858476,0.7857619768281704,0.8414579160288762,0.559998985137028,0
2119,19.320441636469287,0.6836839160661505,0.6913137263290973,0.38194018757564235,0
2120,20.868320846763012,0.45079279394109956,0.7693055825373272,0.7311246578877837,0
2121,16.81307663922267,0.24624292508905402,2.010729492917885,0.8282690132634294,0
2122,14.66435029195499,0.9175676973518725,0.9823888877895928,0.5292400747104695,0
2125,21.677123275518497,3.2156419640683636,0.846547958517099,1.6031814648689997,0
2126,23.10879710799359,3.0174419720090695,0.4900518990146079,0.7306257621845531,0
2127,12.473316618050486,1.0002270598861596,1.4784936005708165,0.8723471151870945,0
2128,15.562064560105382,2.0163283663477474,0.7743369648537993,0.9139399117426568,0
2130,6.594039980955239,0.36820694658777176,1.0612743159804638,0.33724964461075585,0
2131,7.616424610253126,0.1672007562789584,0.14524715850324366,0.454070668889884,0
2132,8.579751933415032,0.22313864959295146,1.0379557379012545,0.3233373283892593,0
2133,9.782930123068006,1.3110362248867644,2.1190636553463986,0.7395375465056649,0
2134,9.658632280346135,0.3856680100343058,0.28896657832793693,0.4427408264336312,0
2135,11.224915847819636,1.3552550057584736,1.1992469220712099,0.3317308629534244,0
2136,11.00368224809218,2.313574124394843,2.166493369540589,0.3696774316674775,0
2137,9.883274445534566,1.4525881450046647,0.06237430719780896,0.702656520968104,0
2138,11.837551728662572,0.25939270436266276,1.124787725370597,0.30647023368336573,0
2140,13.596802116264586,1.5830939389176286,1.2700485498290626,1.5212599647637237,0
2141,14.961340622787631,0.9651510466789344,1.173368944490048,1.2905806581062302,0
2142,18.511778614146362,0.26065892281126907,0.1624838142821161,0.6250240505499989,0
2143,17.025928356076424,0.3561533913256894,1.7903192003599082,0.17755522643662205,0
2144,16.937122650934146,0.6307184401376685,0.5092425761544211,0.61959263040943,0
2145,23.541048398752547,1.5038355135531005,1.154602858065811,0.6093119628779213,0
2146,25.061613451031928,0.773274970640476,0.9691676302043749,0.4149945531712118,0
2147,28.16735152994873,0.9231458244521836,1.138930143795933,0.3691944460552279,0
2148,30.325198079494058,1.8161947691098903,1.6129254596046716,0.5828063127750142,0
2150,19.964051943372194,0.17576138542038097,0.3940470534040234,0.16551152019191925,0
2151,20.835518293510923,1.6942537652069267,1.3311695060681294,0.812906298067792,0
2152,22.37938117656023,2.1586111433343156,1.0815512350752188,0.6857783443783115,0
2153,28.60722597858094,5.087865483525882,0.6423092344970186,0.5734856522764528,0
2154,25.307477953889304,6.349671821905584,0.517975618257888,0.6064930038332371,0
2155,30.503947809657785,3.2892181177937867,0.3638258093436558,0.6112403198110765,0
2156,33.02473045635053,10.70972386419873,3.875760881163941,2.34228894513617,1
2157,37.031286751955946,13.820782089559835,1.470631062871423,1.3813734243896578,0
2158,26.345342418036644,5.566151515305473,2.0662821399055753,1.3769997302139951,0
2159,39.86974359027072,11.35828308065637,9.591124619626747,9.36803518702749,0
2160,21.851368868318183,1.4573352775442696,1.2653894634085707,0.5177836393511204,0
2161,20.735916681465106,0.45247649804286433,2.663506579687713,0.32256542991751164,0
2162,18.66815363157526,0.43499664419645717,0.38197556404829697,0.33011954015107203,0
2163,20.951012838530527,0.7661075692560438,1.8843016056477808,0.6885064237164619,0
2164,30.897875106192405,7.9439359303066945,2.6841041596641975,1.7628520478473138,0
2165,23.92716479884542,0.8779185892459187,0.7363420771423292,0.8017150645042264,0
2166,25.59301179645886,0.9071819160397899,0.8473853276238011,0.7936060032975872,0
2167,30.794950863426873,0.24432353351181813,1.6777547172199003,0.3547523910044359,0
2168,30.773902670917614,4.920607440292187,0.8283657435311641,0.6295831437205756,0
2170,26.77796610273916,0.7140820122523827,1.0386124717738578,0.6768030615856923,0
2171,33.56436827754154,3.6264903034721945,0.28582211741349334,0.6541538946949128,0
2172,27.720023120736272,0.5273694188466651,1.7031184978529208,1.0798410045603355,0
2173,33.947053428469665,8.312747040795228,8.095412281652138,5.619298038443901,0
2174,33.93487081207741,0.9318122584840495,0.8082745764186433,0.27082179808428586,0
2175,33.341283793964365,8.182211956076847,4.3602221092678,0.6604442935570187,1
2176,29.670703166078162,5.566591721027149,0.8690997428818464,0.6016875750067461,0
2177,30.215235062769462,5.4869192958168345,1.331107630489611,1.150317120000944,0
2178,34.000810468927206,9.556022280199187,1.6666711482290522,1.979175267898446,0
2179,36.82113015971882,5.887276445864184,3.143923431650664,0.1631851837066585,0
2190,14.677960249719417,2.1912095894975816,1.287147453645003,1.219144374312553,0
2191,11.464177049005416,1.1930684750247236,1.5488449923354624,0.3476667533271008,0
2192,11.572219387157132,0.43409345911488495,1.1556628429644993,0.5667360681745642,0
2193,8.456650086232651,0.27404974928752035,0.3578762376199094,0.21776974617704872,0
2194,10.392736685772041,0.7860949462823342,0.6316651589522254,0.6982603229283714,0
2195,12.808046670115411,0.5001457898014529,0.7166423443698678,0.644178192351302,0
2196,14.678899057226362,0.5531039752083119,0.44415218935780953,0.18425127162429955,0
2197,19.325043043059225,1.9669466260180544,0.4842008558665162,0.876983128537571,0
2198,20.516405100999986,3.0339615158216837,1.1964910016132813,0.6807856248315227,0
2199,17.09471840283427,0.16656138940640378,1.7720286701299108,0.5160941250086362,0
2200,18.320779894998108,2.0607269953999214,2.355769808408837,0.16682477740788962,0
2203,6.658322572550516,0.06927085299521644,2.0611682725311855,0.22837310614627404,0
2204,5.713702077515652,0.2572307816309763,1.5931882945359301,0.7249728400637019,0
2205,8.121251561676026,0.13618534883873754,0.9631139594362689,0.33455981318802397,0
2206,9.07428831307324,0.6440269455496201,1.5725957753188158,0.3287163552493493,1
2207,10.853527570564584,1.3638521609498462,1.1566332562328814,0.8701218357171216,0
2208,12.002895674927233,0.3341628958228002,0.2461039472940874,0.6640886961846735,0
2209,14.158465821093667,0.49682451967863944,1.6382996613898002,0.3155014488847573,0
2210,16.47447380156781,0.6918471258222231,0.5565876142826338,0.5444137335325195,0
2211,18.284946156454428,1.052638662548415,1.8673230187345604,0.6082980408838806,0
2212,19.093269359672615,0.5840281574178681,0.6578402121152462,0.3962765981889857,0
2213,21.254365998293235,1.08625876640348,1.9597967201933326,0.25632952347078236,0
2214,21.73997301320919,2.0745753893469177,3.109693906438951,0.18154773740616603,0
2216,9.683335119491195,1.1180169218648592,0.7292308358923436,0.37699943231060334,0
2217,11.854174758670805,1.5342139703899464,1.4486855214032894,0.6439768294591947,0
2218,12.96236079885376,0.4716038974317072,0.8703318353649544,0.8946352573279374,0
2219,14.36237624347646,3.238252256110257,1.7599694011384652,0.34957544624236525,0
2220,13.41423044049049,0.10796039877891493,0.07480205435757482,0.49679979937475854,0
2221,15.276282368095373,2.6194372311236656,1.988323364832829,0.5177840306935858,1
2222,14.44317953140899,0.43695089135306725,1.6372573590835966,0.13453489704610624,0
2223,16.469912394921852,0.663618454303214,0.3898294650493937,0.6046734881654325,0
2224,17.441372882304265,2.525091723517069,0.3667014725617858,0.4309004961121431,1
2225,16.783574237359833,1.9831642453334313,2.0054253544884983,1.3287685337403325,1
2226,19.25244250376327,0.6804061196965013,0.7680881678835001,0.5955161103187574,0
2227,21.67883431559273,1.6631967980801112,2.0155456095183992,0.383317087257715,1
2228,19.742929747953642,0.1854989205077191,0.3658636272324026,0.5116721330619465,0
2229,20.722014404178562,1.5041199048995393,1.2666680453478398,0.31522328087717344,1
2230,24.259547076081443,4.388287637779589,4.60991435307468,1.6233246341468712,0
2231,16.39591089680686,4.821382555785424,4.629259261971855,2.3946114514282772,0
2232,23.81660013644667,2.1823367311667954,3.1466746196408137,0.6238676394578246,0
2233,30.575581519351985,3.4749645072967628,5.774574185028424,3.639250168555171,0
2234,24.20969288796092,4.9905936821739365,1.4382851600075393,1.1091833856127817,1
2250,62.0318172890687,16.34781238819635,16.42846990362978,20.196133466106872,0
2251,48.107382474096376,7.327086816403896,2.470789649752374,17.729154769201823,0
2256,46.05039915740017,0.8529783080773136,0.6837060083913868,13.053905119695626,0
2257,43.220407153310376,6.108433661972,5.895702660177472,12.883343655418884,0
2258,62.44572767484774,3.835804194308519,6.231025985779381,26.737397719765823,0
2259,76.63324603650865,7.9172177046587615,9.337707347152797,39.70785428713197,0
2260,55.187869659278505,7.854681763983498,4.158634749324547,24.72233856672529,0
2261,69.43548975702228,9.292866490925064,3.9531079470227057,38.330934703473034,0
2262,80.65842756200296,4.976291755525996,1.775272631499587,47.63984742231355,0
2263,73.97563758849279,10.84463327375898,5.719749199074614,43.14355818515541,0
2264,91.52495467523359,3.986698443947041,9.376064421983358,57.375198773988664,0
2265,89.63075448009491,7.220652170909419,16.242706358615465,48.040746814002006,0
2267,95.51964117802017,8.465958338131818,11.711036032255242,62.17050114238356,0
2278,111.57271148688719,18.784993623346317,28.604287379888664,72.03434063336273,0
2280,104.95382529613418,16.715974860087147,21.10109437580378,72.07368742536448,0
2281,98.07929096759298,15.663035147428063,14.960913089872047,66.17861353105839,0
2282,107.83914270621334,17.65087765649615,23.943715076930175,73.35561623698618,0
2283,101.8872860829305,9.761151910576874,18.84864039713685,65.17669862202625,0
2284,110.34343721657733,18.3407834105918,26.77064027600947,73.01703545731421,0
2285,113.40658848172104,21.818296340282743,29.62238297106522,76.5731647731719,0
2286,110.94912945989931,18.084497219866858,29.570517205598268,68.46135103604726,0
2287,117.86951457032346,25.824044754797015,34.15436274815015,79.74605759984297,0
2289,113.96179396544163,24.625669830525524,30.141417788013335,80.2763094508042,0
2290,110.29002700622846,22.252208249970973,26.609900373172056,77.73035515562482,0
2291,114.99684725486709,26.96144241721369,31.45255238645152,82.61855390198163,0
2292,116.8672745981112,28.044372969271166,33.18568189109069,83.70099391344496,0
2293,118.81225664710776,30.01590024441856,35.174179916785825,85.61783857712535,0
2294,119.52182420483442,31.091942996820087,35.988439757865265,86.74381772661256,0
2295,124.55740269478807,36.1072956010557,41.122513268760656,91.60713033880451,0
2296,118.6874576250143,29.543529614489866,34.97235450306622,85.07083675288798,0
2297,119.50245104427083,30.288791894850657,35.78625839900687,85.76841675958924,0
2298,118.78828784040157,28.610285250809,34.9171979835507,83.79993113982951,0
2299,117.90047012264164,26.783309010737984,34.0056844906544,81.536431324407,0
2300,118.37481084229034,30.8878282037843,35.082478169093484,86.31080998857553,0
2302,117.36715932578835,28.947056646106216,33.78784074616676,84.65777652882227,0
2303,117.67775827827909,28.714066703225665,33.98204839808714,84.3172845785658,0
2304,121.98123026060757,31.679224443667515,38.11802480250566,86.6472786552079,0
2305,115.69544098914966,25.67609377739161,31.817397062470935,81.07678959182026,0
2306,108.37166493183211,19.692685922128486,24.542056213905184,75.51606599409747,0
2307,119.81215589516837,28.28622308329483,35.9485852022492,82.58989353686565,0
2311,173.7045960069252,82.32354903374961,93.9875479505341,120.2802664664374,0
2315,156.22556743737164,74.78689259211622,76.96090479223815,126.8571012207679,0
2316,147.56032916497315,64.18622536834086,66.96303150049269,117.8607680052782,0
2317,152.46373187297013,67.20161043860102,70.93462597124447,122.09665839778864,0
2318,137.56679166532487,47.87316590398157,53.953511561745024,102.42474360850838,0
2319,149.7203155269355,63.79139131820431,67.80147619882646,119.01565641804011,0
2320,130.7435939588457,38.246364565231595,49.68499890904923,83.64675727914945,0
2321,143.06030200528957,50.10651123781524,59.87381342677454,99.0710763180911,0
2322,125.3496410262366,32.65048386375099,41.92546661820549,84.57800961461902,0
2323,130.5987265960424,37.61244832719081,48.109854023840064,86.26775832376033,0
2324,174.9524954369684,93.07685711924954,95.74644614328118,145.68727121736188,0
2325,101.19175482200914,20.76875178443823,32.02966333706265,49.94023186955544,0
2326,124.22844890231157,33.501167727379226,45.907600483288704,74.61305862412466,0
2327,120.97415170918829,29.28856829965684,41.44532377788928,73.46551288787278,0
2328,157.04015030089542,104.07724323800383,108.14918243729291,90.03323204199087,0
2329,225.1933384844222,168.64478796940318,160.04712062823398,156.22394093792684,0
2330,126.7246256022431,61.07493523924387,71.3589959591887,62.37406596376683,0
2333,187.76055075170703,119.27068864223335,131.54829421907561,121.955525204719,0
2334,129.4793839368244,40.959747426816485,53.6494288947264,76.38200437825573,0
2335,138.40798653758048,51.96356548351861,64.73858410199252,82.20064688551349,0
2336,193.40502852224915,110.74178626452206,123.52376035964977,131.26937559183838,0
2337,213.44966779436652,130.3452885673209,143.08082079150017,150.99973890460646,0
2338,239.45684406616215,156.39896481629182,169.1007594451413,176.49719132750388,0
2339,245.38238932971527,171.99965351946625,184.79090829819657,179.7104121504349,0
2340,283.62170203523266,197.62879445240168,210.04974308832865,221.63415106771743,0
2341,287.55632548135696,210.57372115334152,223.40001205586307,222.23448107646476,0
2342,309.58534705916827,232.484353065979,245.30605139542538,244.18417619762502,0
2343,265.71028944670155,202.50406685474582,202.5094779179177,197.8328469291194,0
2346,370.5468883913266,291.12599421280305,303.8839693336141,305.40818359810567,0
2347,405.66352758353827,325.08243540105786,337.7857790511388,340.7088762154057,0
2350,382.71092542314784,290.6471457296868,301.5253702828667,326.6621232989176,0
2352,310.8757868142059,223.25784185414605,235.44215327595424,249.72188868310369,0
2354,308.8642794147128,216.94195858554107,227.9691411323676,253.13212606118873,0
2357,295.13415714701387,237.8079395034063,221.91671777475543,225.30649619878199,0
2358,371.884535702487,283.5482529587988,295.5570997748812,310.8395005640809,0
2360,473.0472431563152,385.48463120536087,397.5557946982694,410.95605593038266,0
2361,521.0653436789883,433.48946931725476,445.5383060559208,458.84522562078934,0
2365,421.2929397841358,330.5006025831748,341.8945444129575,362.63417114064015,0
2369,433.5438126785413,345.34294999615764,357.3324960845784,372.0759788660683,0
2370,465.4606163287952,373.9739804054074,385.08755983897623,407.72680161215095,0
2371,505.6602898374232,414.5553185177639,425.79961928728954,447.1205673757373,0
2372,549.6106369842759,458.9951119016959,470.3848760481073,490.22180525319413,0
2380,329.37060301817144,257.71384040564254,270.5167533790488,263.3043122701131,0
2381,301.76084729547074,226.95109475026274,239.77905298626365,236.0300825939456,0
2382,378.26676444855025,303.7125000806451,316.54180965086977,312.34336646511656,0
2388,436.80419367250926,378.3520029816225,357.16623851385435,366.430342682979,0
2390,408.98669335235587,339.24695807732525,343.71566319332294,341.7479545600465,0
2400,517.3040653636233,445.70238430043196,450.9476602582882,450.1911997066046,0
2402,497.88211925718895,415.08638394057965,427.63775507631755,433.3737165515779,0
2404,456.13482369928676,375.4700763877579,388.15322433607395,391.084953683587,0
2406,595.0992943259506,528.0953808938784,521.0994481939408,526.1620498266423,0
2420,188.1454052138282,95.45441208343505,106.16369258446292,137.56108317806002,0
2421,145.88815897674655,53.7404757053849,65.24017131231034,96.13848408760363,0
2422,221.16338309923884,128.18299615132216,138.17953279116387,171.7341889302473,0
2423,195.81109869216115,107.62691944910334,113.21247087250934,161.39534967465838,0
2425,179.0490859081767,87.6937519584864,95.20818783358571,139.17342320412456,0
2427,265.7733328819481,177.32561203826077,183.2774364458177,229.9539131043451,0
2428,220.70258692761948,133.0571138803073,138.49454905545986,186.71953847291638,0
2429,255.9533836390487,163.8886851360156,172.05565655527744,212.3220368628886,0
2430,251.6840444715078,161.84992902213818,168.48414958982485,213.5258571502241,0
2431,371.89483541884107,281.220472878034,288.4454442342561,330.8564844122516,0
2439,282.313787769232,192.24294665948528,199.05404146269376,243.31769032786232,0
2440,425.814172785361,333.69233999164777,341.92806238292906,380.4484220173427,0
2441,372.13577968632194,280.037760063672,288.2486504482373,327.1729153926938,0
2443,279.87369301892966,191.09702996111645,197.23444319516545,243.3448751486185,0
2444,313.34797455203864,223.7859500557161,230.3614328908626,275.0723562348875,0
2445,297.0698716282708,207.959463856031,214.28740461018032,259.7830874181274,0
2446,301.62889114678245,209.4197726902344,217.72604218381784,256.88936336677364,0
2447,368.2798483142476,275.93256425542853,284.3749601800131,322.41762736909374,0
2448,400.06207812017544,308.12744982044256,316.2054408122214,355.46964383537744,0
2449,389.5997215351372,297.0549109461036,305.7091705444413,342.73558025325536,0
2450,442.71489902729513,349.7450823609478,359.14864075025275,392.4254440251908,0
2452,430.09236227021074,338.13104132789044,346.2338747043741,385.2514322897906,0
2453,414.49969506319144,321.6307264959736,330.76108231693917,365.52202506785005,0
2454,410.62275950327654,318.1324685703117,326.72379328460744,363.88269067985294,0
2455,407.9956426116384,315.94899000074685,324.11944653224157,362.9862325560324,0
2456,461.394972807001,369.18693122557187,377.5001918018143,415.549087271831,0
2460,543.7826704778606,451.12410759339883,459.90818644636073,495.64989289612424,0
2462,488.1351057469996,395.7447178064422,404.23022280049406,441.462944908325,0
2463,533.4747311824648,440.63445444570647,449.6927389083182,484.21244436672583,0
2464,529.0073442291739,436.5810235980309,445.1026202436605,482.0371911460777,0
2465,533.2931231068897,440.6545593074885,449.4137875003859,485.30137326616773,0
2466,537.5688851735637,445.1056922883261,453.6652227457768,490.410155265722,0
2469,552.9099506305262,460.0743606259887,470.2089644704183,498.9689031972263,0
2470,570.2506259805123,477.31307461544463,487.24359128275637,517.1206466006715,0
2471,574.4393605949206,481.5966368816342,490.6558498745956,525.0334987342794,0
2472,561.9910426164943,469.2796037568192,478.1330846042227,513.5037511771975,0
2473,554.4895313209028,461.84820699988984,470.6099866100723,506.4169557494143,0
2474,619.6955297781586,526.7520806403221,536.6578935072746,566.504878894972,0
2477,592.1398422482779,499.4490507196319,508.2730833367617,543.6893037301538,0
2478,600.1421696732482,507.56943579954003,516.2476957044789,552.2956389384815,0
2479,615.7718917661596,523.0839772382049,531.9032366594856,567.2787742489854,1
2480,607.8773972757128,514.9531946460935,524.1845271876066,557.6319326506627,0
2481,623.5165515216228,530.9009871053003,539.6289471372863,575.397355050556,1
2482,630.0504082126166,537.2075714031438,546.2630336160366,580.5025644017708,0
2483,641.088999575727,548.269930980016,557.2829064639493,591.696900313904,1
2484,644.0829910753191,551.125737863702,560.4519411492047,593.3292371977999,0
2485,671.2524339768936,578.3722870906822,587.4973737393746,621.3036923317692,0
2486,666.5039653539551,573.6002049186219,582.7769933564296,616.342000281933,0
2487,661.8927094603373,569.0577385442064,578.0971753357691,612.3366616837687,1
2488,655.8504582948455,563.0474829286892,572.0328571337362,606.5425059832863,0
2489,649.8672694923852,557.0661083381281,566.0488321821017,600.5848102332064,0
2500,67.4162067485985,1.3449120317806524,1.671834371429259,26.235046592575046,0
2502,74.63781047239702,6.436163286795142,1.7009042065249111,33.8056239671487,0
2505,69.2474155323278,6.250743463025491,5.478202151517182,33.081922296344494,0
2506,74.93329234077751,6.64898053351471,4.27267550893789,30.765818842076214,0
2508,44.42994698547108,1.167019964368726,4.493420962554519,10.6607644251899,0
2515,52.947816931480034,0.690477510072336,8.451599401346545,17.303686061195055,0
2516,57.15915249786786,0.9474835660520271,4.426876395388088,18.361159584792766,0
2517,59.446653694400375,2.2074172153335883,2.530544292343897,19.29725741204251,0
2518,62.01015825313133,1.6807084427381673,1.0239690239344208,21.512176313424337,0
2519,69.68282592979132,13.891211859650081,16.65485495147456,13.295322861751432,0
2525,71.22281704438929,6.089212362844412,4.043912383382602,26.182050300382162,0
2526,68.04422740486149,11.08324631456776,9.989015111447431,18.90948212450686,0
2527,88.30816548539494,20.160824590444566,10.468161865298091,33.74773396926679,0
2528,80.79362039129309,12.649852017101315,7.592115866523975,36.36957712115032,0
2529,85.59631380758302,17.58169848336991,11.80698682697764,39.36011898444664,0
2530,80.21190178214079,13.267268640141346,2.800768909978807,27.256450400050618,0
2533,94.33408233482606,25.91826697166662,17.04512391662074,39.94507400805798,0
2534,104.6115095373869,36.31816563753901,28.059739599328218,50.010737789518494,0
2535,109.15833723714577,40.753021371708215,31.520025716525605,50.09182032051407,0
2536,222.05057709717497,149.4521997926416,139.1092855249365,155.62572276499642,0
2537,257.4133598299207,183.58780859240485,172.7756205668937,189.80946598897776,0
2538,183.8198916425855,112.45259887488568,102.79208348104902,118.53845159738742,0
2539,196.92663082273583,128.70441661289493,119.67176266507488,134.6666561225664,0
2540,119.88991979279305,50.86528984973421,41.942605199220544,56.47674730581689,0
2541,141.34956333432717,69.34139980958439,60.45947339315248,75.34227133793105,0
2545,280.9422247743642,206.86915250781757,195.92381368145,213.1009617264025,0
2546,278.52223343982274,210.7908317211055,202.00069080583268,217.43347786083476,0
2548,351.9108761358265,282.97352615480065,272.92282600013607,289.08795295627755,0
2549,362.88819823042354,293.84058791273685,283.74310866957376,299.96186033149377,0
2550,345.73099770615113,274.0149852266121,263.4161890582732,280.2086116705674,0
2551,397.59874858955084,329.13899043254656,319.08864226794884,335.2503399963028,0
2556,43.76050951107762,12.921087647903683,8.386486571536427,2.4281794303444735,1
2557,41.671181552218115,7.281922398427739,1.6210430054893885,2.0841465892130975,0
2558,41.01450604757394,3.5660638185464366,1.5745419376994338,1.0002661619139956,0
2559,42.42589953483733,2.3271754433813894,2.4369219186503663,0.8911924642647148,0
2560,53.178174482840845,5.487875008643004,10.744003491904069,1.8317295529663455,0
2563,48.679817138892346,0.46115432011830276,4.135333967876938,3.7678308905950093,0
2564,31.472418305458838,2.111936159217072,1.2885159637575359,0.7139163497203805,0
2565,33.47285299564071,0.934924519094163,0.8318081606589065,0.42433545494054603,0
2566,37.22818547403415,0.029630204044165977,0.7510856722297222,0.5504794326286384,0
2567,45.70201746979188,4.191210089766108,0.5304103438725241,0.46243003738469507,0
2568,53.77692843051558,3.4539700682084096,8.666246155779314,3.1397372444920144,0
2570,65.29590383479298,17.140726730906103,16.185332489358697,4.3022267213244865,0
2571,78.92834050880376,6.090818379551315,11.337372967266194,5.513584671504142,0
2572,68.90173176980011,1.7259258047576158,4.5416867083913735,1.6075851972726831,0
2573,68.37371616616085,1.9453600772495256,0.898253388292048,1.100093882387967,0
2574,78.04581330508759,12.940293810732623,13.88157369787641,14.702067178217163,0
2575,94.85854741858562,18.67870440362277,14.224978601327186,21.244587668556104,0
2576,96.38327615738181,17.49378798769565,10.54731960109161,23.64801069892056,0
2577,107.80375196530147,27.63805117549628,16.650932394256802,33.890533937915784,0
2578,124.964590663469,44.58077842386417,32.707521310989826,50.79778788468381,0
2579,135.18602369560722,53.506119173756005,40.815401882807464,59.39497538549752,0
2580,164.97427615810534,84.37003095573122,72.02776572200764,89.3939135580449,0
2581,201.76014679320494,123.11677729997285,111.24247662916063,127.63352161893253,0
2582,227.70280919496884,150.78459152669444,139.26655618380966,154.9688495853193,0
2583,183.27114010693228,120.07915364111275,111.0575055920306,104.94275486513216,0
2584,260.4193829819791,186.01959387913107,174.9832918913186,189.5236427404444,0
2586,228.540963824308,160.301928839341,150.8336241473577,151.4606835474101,0
2587,270.7705021967959,200.7521250748851,190.64054952207596,193.483605260859,0
2590,317.82219156188205,245.4377479689825,234.67580567548717,241.8635925354008,0
2594,288.169777225442,223.71226569237308,206.3747443620049,204.2510196927904,0
2619,248.0997624737998,166.367808437563,153.64256705055348,172.13331465395933,0
2620,244.34140464865666,162.59991694739364,149.8712200055974,168.33528733774185,0
2621,236.5735771711417,155.71926520386722,143.23407644584347,161.79710736492098,0
2622,235.26419280407225,157.26709689973603,145.52192801218357,163.51442556841997,0
2626,294.8688733510591,214.71009271443282,202.36008224782674,220.85123945575538,0
2627,389.96586768273016,308.62412224587786,295.9857931539699,314.57913013221224,0
2628,359.6697684297784,279.48921664869505,267.1059727668589,285.61867895471244,0
2629,323.4959465325359,242.2441198572507,229.63263438223973,248.22900308847218,0
2630,317.65054014999123,238.36125486164144,226.19383434920832,244.55583852755748,0
2632,392.57270197038645,317.8696008762971,306.5957068130366,324.119642441549,0
2633,401.9982191230266,323.47345744836485,311.41886833649073,329.6910915414601,0
2640,448.8242801543286,368.2537298156968,355.73966113699447,373.3873179451804,0
2641,457.5403174057784,377.0410605899803,364.5393623248045,382.15566763460066,0
2642,465.53143867476496,389.36673042464065,377.6834841977524,392.63768786437475,0
2643,476.74145335563867,397.1354438211328,384.7990413791495,402.02978649974744,0
2644,406.8090721123011,326.52257296484186,314.07025194897005,331.5721717563981,0
2646,492.0332790493675,413.81140455586495,401.73062581779317,418.4199145864826,0
2647,527.4120045512541,449.0237120190221,436.9022822496832,453.6714256442038,0
2648,873.4919478815978,803.6116423609659,775.6918204757853,783.0682875020743,0
2650,375.3215671941202,299.8941460752396,288.4226393067484,302.60980821061287,0
2651,371.30383873940093,294.8143541755817,283.1347765185719,299.0614399631932,0
2652,366.8255971475476,287.93164273843456,275.77085440327835,292.6416641622511,0
2653,357.5198981289514,276.1652096608941,263.50853884329894,281.55932902790965,0
2655,409.140426202853,333.09835380577306,321.4752608472224,336.8822006334607,0
2656,438.0205972440722,361.5275507304048,349.7976861753283,365.8057651719149,0
2659,448.80273112414955,370.58116899233653,358.5153619355507,375.17923910981415,0
2660,427.751221874256,348.4062678739102,336.1318102340226,353.232452181566,0
2663,340.8476185962867,266.0580368804393,254.7585167666129,267.8733569768969,0
2666,340.00373450542287,271.8181999860916,261.8489083892506,258.6306595854646,0
2669,419.3058884349316,350.27458154497737,324.83826150418304,329.81719726971085,0
2671,360.04744382355625,291.13916728412335,266.33450738905276,270.7094339053834,0
2675,532.1526451165837,461.85944178840526,433.6722484025722,441.30792567368826,0
2680,489.73966159478476,423.71702203368113,402.1784683850829,403.71119174792267,0
2681,467.2233681951508,399.9546568597545,376.90772195191283,379.7381270812009,0
2700,463.98611635678276,392.42981086796505,381.61226590452753,384.3164068743663,0
2701,375.1960923461977,304.3440124422973,293.774725730413,295.95883302753737,0
2705,449.70861360090186,382.753724325567,366.0429021819003,365.68705107835484,0
2706,490.4603715295673,422.8824127827726,406.86514474199157,406.60222266664715,0
2707,505.50392295726084,435.9189895609152,424.7636781230753,423.3365747962303,0
2710,592.5329276269028,518.964652051266,507.69544452489174,514.3029924694622,0
2711,601.2363964699857,534.3558177837139,511.2781241965755,514.1692068378638,0
2712,529.525870920534,452.1033725672583,440.1590649882599,456.57121654758237,0
2713,553.049783995301,477.19792185979367,465.5327214589003,478.65396983954906,0
2714,579.824417279134,503.2082884033481,491.3954970442077,506.6214108846777,0
2716,532.9395930571392,459.3268652234832,448.0791352048863,455.2198429427119,0
2717,840.3867245840191,772.5834090053938,747.8176286291507,752.2348759887432,0
2720,307.3221609242964,226.73887815721397,214.25270669347796,231.8503235925394,0
2730,341.8930784040689,261.47894758841534,249.01721851196461,266.55013477622,0
2731,639.1278666841356,562.7635038980808,550.9796719118208,565.0256258768483,0
2732,663.830072723311,589.9433702821526,578.590680924029,585.6190456902648,0
2734,724.8035022110197,656.7907104734676,639.0593175843131,640.1436609672432,0
2736,728.2439866786129,658.8543001095283,644.525653473435,644.7402118643586,0
2737,769.895906807887,703.4521738753588,681.7131209986203,683.9417387011695,0
2738,828.2551500871369,760.7062686531578,736.2927544819449,740.3926429496221,0
2739,839.2556169816626,771.6675494580924,747.1877145358981,751.3477978032312,0
2745,49.40344527777642,11.172976900259084,5.329842486934297,2.158234408080622,0
2747,44.95620249281389,2.4039379067073887,0.6236037741821514,0.8620032038758179,0
2748,45.33806139783257,5.874939771944107,4.779042371290345,3.1203464430502943,1
2749,52.05660221073861,5.042978798102579,4.489938085368228,2.133384441705102,0
2750,50.78517282128622,1.2638467844802286,1.2352366680176272,1.240556052018261,0
2752,58.17676032834947,19.607986480885522,6.7034060921412655,6.163626098451819,0
2753,60.39094204059255,9.891910217630457,7.354610930442871,2.0400461025454746,0
2754,57.13647305631265,5.094603399396137,2.735874167000089,2.235952289623699,0
2756,54.94090473383425,17.86040910197828,16.615049190525912,1.753924990607139,0
2757,59.95471402996671,7.446662946307647,4.003853630655591,0.5702985137864014,0
2758,71.4303029414867,18.967610851775984,15.517248846019855,7.353817611907687,0
2759,39.78517470855991,6.748654828698908,6.273169628991234,1.8048876122830706,0
2760,41.54613811814863,0.4999984496859703,0.9900724782421623,0.8924813344233143,0
2761,36.678157891416596,3.118380526328565,1.1364115518493982,0.47955994518862594,0
2762,36.336285008423125,0.7172005188176227,0.529644857215759,0.047507772108657184,0
2763,33.635033566198416,0.8638633724741064,1.826536190899605,0.4752105053203857,0
2765,44.60500439325257,5.671563046569143,3.4579241060182158,2.831880730682085,0
2766,33.81909850867504,4.355969114480064,2.9794706865874323,2.6055935167377937,0
2767,33.54136880262962,1.7742434624149828,1.1977834594443264,1.4162057218341682,0
2768,30.773466716662085,2.28106803592122,0.6086822174656187,0.36944845607253823,0
2769,34.09679023078058,2.937785823005931,0.5524839192410773,0.577016985067762,0
2770,39.20753642834398,1.7269357708969897,1.3465994227297753,0.3958599202444554,0
2773,55.02890767098806,0.5600857483837154,3.4554737399053113,0.5560758581637907,0
2774,55.9069606226919,2.168700028889019,3.5481801536677415,0.4820377360924604,0
2775,69.5347381113163,35.70498593792359,33.93235951171642,5.2611399431285975,0
2776,64.99535454777012,3.687071201035726,5.104582772319288,2.0377550590638855,0
2777,60.955095410086436,1.3830397258037814,3.008627357422732,0.3442010606477519,0
2778,68.87884513168825,0.800877500071091,13.081836352255754,2.3370298578283997,0
2779,71.27227103058168,0.44908637351228026,13.857332799323702,0.317504150299353,0
2780,71.39847775945691,11.662061956415478,17.399387648545375,12.033220961705302,0
2782,79.08195036280033,7.3885522969196975,6.214211311863183,0.5473927783137742,0
2783,73.68578949272913,2.102579874982214,11.33529613535094,0.5870732160519021,0
2784,75.8015230799226,4.437884733775177,9.118581020360514,2.1864384019913126,0
2785,96.70583847211059,25.31918979223965,11.9087738822573,4.799232867263225,0
2786,90.95381005703044,24.722058247973056,16.081872146552698,8.781069987092915,0
2787,82.10417438165685,17.523663363811572,19.902032594284154,11.15710958302617,0
2790,101.21321162691825,45.98140770882846,27.142997990242694,25.52521047041574,0
2791,190.81127746706323,119.80916061635759,93.17360078603465,99.26887733188279,0
2792,198.10522145801528,127.10101573292798,100.1666827745871,106.56227839651129,0
2793,212.55598544928176,143.10125788130512,119.95939511860914,122.66916368665028,0
2794,234.65183351724204,166.52393810583087,145.2214416468816,146.31510654579662,0
2795,160.12496880777303,91.25329958469906,73.08694669236421,71.07788149041485,0
2798,195.21763315814505,123.52930265365823,92.3528500772593,102.55217735630578,0
2799,182.64972829203163,111.19258697006956,82.70269364925083,90.77076430962289,0
2800,206.7259967995489,135.58679775822026,100.3827880581444,112.85312687215774,0
2804,241.03540003266642,169.8343792002494,141.06207971426764,149.3339539386754,0
2810,290.9832153474775,222.66537756568977,199.70725016387695,202.35745904336878,0
2820,253.82101064616253,188.61774033018028,150.2021213185846,164.9962896885612,0
2821,340.6275998792863,272.9534638468137,234.90134684997037,249.25575441507542,0
2823,372.9130305736646,305.34067768458135,267.27916830922146,281.6421730485365,0
2824,424.8967051482025,361.8627314991673,323.4757902302714,338.34045758529595,0
2825,489.62931717210233,419.4758298987584,382.7077184525054,396.2221639466231,0
2827,346.1841529938916,287.51639491113565,249.7804215553774,264.6867455409961,0
2829,444.80566777919796,392.23771124785003,355.7520353347141,370.4137812484125,0
2830,299.5785712788944,235.1035621150276,196.69004927087823,211.51125844149868,0
2831,480.6488243052733,410.65828154481096,373.7568444171586,387.34937899653085,0
2832,532.0145640660027,479.47507136097295,442.82996589996975,457.5358540186159,0
2834,613.96043140915,556.6392980220417,529.4657747214716,543.1246215058112,0
2835,601.3521103506728,530.8595914495942,494.4098921433088,507.74986970362994,0
2836,788.5094398543661,716.950588437779,682.3868249856882,694.7353940499349,0
2840,694.3699215626186,627.6626862618695,589.4923875619163,603.9501459080811,0
2843,267.40412020952454,217.51708596417149,189.09168883238166,196.62253315413184,0
2844,280.12418222037076,226.4825417883979,190.39727646261267,204.92205778155497,0
2845,120.20077590606722,52.15766653082144,13.752123105027161,28.564006196332038,0
2847,126.25593345701837,57.27878129122534,19.340649034033174,33.5605665010666,0
2848,158.81838038491156,102.2144903353748,67.39072223316678,81.3331875274074,0
2849,168.59458319031873,118.18698496541532,86.89572586350552,97.38049276831214,0
2850,199.93726352929048,140.12059794560722,102.833834925268,117.63107579519355,0
2852,241.37966547137717,185.4369755037047,148.94355467023945,163.5614030283825,0
2864,237.0182484237469,165.31983326109477,133.01039954037057,143.96060504197095,0
2866,234.77030443394898,164.5732615492122,127.82901887870139,141.26377380703448,0
2869,309.2816095963793,239.95204109306792,202.55627227994503,216.43600008665697,0
2870,297.2411646083273,225.72709152201688,191.34744503126075,203.47862563791745,0
2871,317.41002997077965,246.36718218538343,217.27220468501795,225.8469600037253,0
2873,409.1696322722849,339.0244251973952,302.2428638582625,315.7558884710027,0
2877,457.74161946466273,386.8107320605637,350.91185581029015,363.9286481861743,0
2880,943.5387976110924,872.8881007503726,836.6024641178627,849.8656234729569,0
2898,780.9212536642461,732.4024272211825,729.4912556417347,761.6985360241182,0
